-- Limyra Studio — Seed Data
-- Run: npm run db:seed:local  (local)
-- Run: npm run db:seed         (production)

-- -----------------------------------------------
-- PROJECTS (active)
-- -----------------------------------------------
INSERT OR IGNORE INTO projects (slug,number,title_tr,title_en,subtitle_tr,subtitle_en,year,location_tr,location_en,tag,area_m2,status,description_tr,description_en,sort_order,published) VALUES ('karakoy-014','014','Karaköy Apartmanı','Karaköy Apartment','Levanten bir yapının yeniden yorumu','Reinterpretation of a Levantine building',2026,'İstanbul','Istanbul','Residential',240,'In Progress','On dokuzuncu yüzyıl bir Levanten apartmanının ikinci katı, üç odalı bir eşik dizisine dönüşüyor.','The second floor of a 19th-century Levantine apartment transforms into a three-room sequence of thresholds.',140,1);
INSERT OR IGNORE INTO projects (slug,number,title_tr,title_en,subtitle_tr,subtitle_en,year,location_tr,location_en,tag,area_m2,status,description_tr,description_en,sort_order,published) VALUES ('olive-house-013','013','Olive House','Olive House','Zeytinliğin içinde bir ev','A house within the olive grove',2025,'Bodrum','Bodrum','Residential',320,'Completed','Bir zeytinliğin içine yerleştirilen bu konut, ağaçların ritmiyle bütünleşen uzun, yatay bir plana sahiptir.','Set within an olive grove, this house has a long horizontal plan that integrates with the rhythm of the trees.',130,1);
INSERT OR IGNORE INTO projects (slug,number,title_tr,title_en,subtitle_tr,subtitle_en,year,location_tr,location_en,tag,area_m2,status,description_tr,description_en,sort_order,published) VALUES ('atelier-b-012','012','Atelier B','Atelier B','Sade bir çalışma mekânı','A quiet workspace',2025,'Antalya','Antalya','Workspace',180,'Completed','Tek bir hacimden oluşan bu atölye, doğal ışığı çalışmanın merkezine koyar.','This single-volume atelier places natural light at the centre of work.',120,1);
INSERT OR IGNORE INTO projects (slug,number,title_tr,title_en,subtitle_tr,subtitle_en,year,location_tr,location_en,tag,area_m2,status,description_tr,description_en,sort_order,published) VALUES ('antalya-pavilion-011','011','Antalya Pavilion','Antalya Pavilion','Küçük ölçekli kamusal bir yapı','A small-scale public building',2024,'Antalya','Antalya','Cultural',90,'Completed','Kent parkının kenarında, ince bir çatıyla örtülü bu köşk; gölge, oturma ve geçiş için tasarlanmıştır.','At the edge of a city park, this pavilion covered by a thin roof is designed for shade, seating, and passage.',110,1);
INSERT OR IGNORE INTO projects (slug,number,title_tr,title_en,subtitle_tr,subtitle_en,year,location_tr,location_en,tag,area_m2,status,description_tr,description_en,sort_order,published) VALUES ('cihangir-loft-010','010','Cihangir Loft','Cihangir Loft','Tarihi bir yapının çağdaş yorumu','Contemporary interpretation of a historic building',2024,'İstanbul','Istanbul','Residential',110,'Completed','Cihangir''in dar sokaklarından birinde, eski bir binanın çatı katı; açık plan ve yüksek tavan ile yeniden tanımlanıyor.','On one of Cihangir''s narrow streets, the top floor of an old building is redefined with an open plan and high ceiling.',100,1);
INSERT OR IGNORE INTO projects (slug,number,title_tr,title_en,subtitle_tr,subtitle_en,year,location_tr,location_en,tag,area_m2,status,description_tr,description_en,sort_order,published) VALUES ('house-astra-009','009','House Astra','House Astra','Çeşme''nin sert ışığında bir konut','A residence in the harsh light of Çeşme',2023,'Çeşme','Çeşme','Residential',380,'Completed','Ege ikliminin sert ışığına karşı tasarlanan bu konut, derin gölgeler ve dar açıklıklarla kendine özgü bir iç atmosfer yaratır.','Designed against the harsh light of the Aegean climate, this residence creates its own interior atmosphere.',90,1);
INSERT OR IGNORE INTO projects (slug,number,title_tr,title_en,subtitle_tr,subtitle_en,year,location_tr,location_en,tag,area_m2,status,description_tr,description_en,sort_order,published) VALUES ('quiet-atelier-008','008','Quiet Atelier','Quiet Atelier','Sessizliğin bir çalışma mekânına dönüşümü','Silence transformed into a workspace',2023,'İstanbul','Istanbul','Workspace',220,'Completed','İstanbul''un gürültüsünün ortasında, bir avlunun derinliğinde kurulan bu atölye; akustik yalıtım ve doğal malzeme seçimiyle sessizliği inşa eder.','Established in the depths of a courtyard in the midst of Istanbul''s noise, this atelier constructs silence.',80,1);
INSERT OR IGNORE INTO projects (slug,number,title_tr,title_en,subtitle_tr,subtitle_en,year,location_tr,location_en,tag,area_m2,status,description_tr,description_en,sort_order,published) VALUES ('two-walls-house-007','007','Two Walls House','Two Walls House','İki duvar, bir ev','Two walls, one house',2022,'Kaş','Kaş','Residential',195,'Completed','İki paralel taş duvarın arasına yerleştirilen bu konut, Kaş''ın sarp topografyasıyla diyalog kurar.','This residence set between two parallel stone walls enters into dialogue with the steep topography of Kaş.',70,1);

-- ARCHIVE PROJECTS
INSERT OR IGNORE INTO projects (slug,number,title_tr,title_en,subtitle_tr,subtitle_en,year,location_tr,location_en,tag,status,sort_order,published) VALUES ('saraykoy-garden-006','006','Sarayköy Garden','Sarayköy Garden','','',2022,'Antalya','Antalya','Residential','Completed',60,1);
INSERT OR IGNORE INTO projects (slug,number,title_tr,title_en,subtitle_tr,subtitle_en,year,location_tr,location_en,tag,status,sort_order,published) VALUES ('studio-m-005','005','Studio M','Studio M','','',2021,'İstanbul','Istanbul','Workspace','Completed',50,1);
INSERT OR IGNORE INTO projects (slug,number,title_tr,title_en,subtitle_tr,subtitle_en,year,location_tr,location_en,tag,status,sort_order,published) VALUES ('sakli-bahce-004','004','Saklı Bahçe','Saklı Bahçe','','',2021,'Bursa','Bursa','Residential','Completed',40,1);
INSERT OR IGNORE INTO projects (slug,number,title_tr,title_en,subtitle_tr,subtitle_en,year,location_tr,location_en,tag,status,sort_order,published) VALUES ('reading-room-003','003','The Reading Room','The Reading Room','','',2020,'Antalya','Antalya','Cultural','Completed',30,1);
INSERT OR IGNORE INTO projects (slug,number,title_tr,title_en,subtitle_tr,subtitle_en,year,location_tr,location_en,tag,status,sort_order,published) VALUES ('asmali-house-002','002','Asmalı House','Asmalı House','','',2020,'İstanbul','Istanbul','Residential','Completed',20,1);
INSERT OR IGNORE INTO projects (slug,number,title_tr,title_en,subtitle_tr,subtitle_en,year,location_tr,location_en,tag,status,sort_order,published) VALUES ('atelier-limyra-001','001','Atelier Limyra','Atelier Limyra','','',2019,'Antalya','Antalya','Founding','Completed',10,1);

-- -----------------------------------------------
-- KEY FACTS for Karaköy 014
-- -----------------------------------------------
INSERT OR IGNORE INTO project_key_facts (project_id,key_tr,key_en,value_tr,value_en,sort_order) SELECT id,'Tür','Type','Residential','Residential',10 FROM projects WHERE slug='karakoy-014';
INSERT OR IGNORE INTO project_key_facts (project_id,key_tr,key_en,value_tr,value_en,sort_order) SELECT id,'Konum','Location','Karaköy · İstanbul','Karaköy · Istanbul',20 FROM projects WHERE slug='karakoy-014';
INSERT OR IGNORE INTO project_key_facts (project_id,key_tr,key_en,value_tr,value_en,sort_order) SELECT id,'Müvekkil','Client','Özel','Private',30 FROM projects WHERE slug='karakoy-014';
INSERT OR IGNORE INTO project_key_facts (project_id,key_tr,key_en,value_tr,value_en,sort_order) SELECT id,'Statü','Status','Tasarım · Uygulama','Design · Construction',40 FROM projects WHERE slug='karakoy-014';
INSERT OR IGNORE INTO project_key_facts (project_id,key_tr,key_en,value_tr,value_en,sort_order) SELECT id,'Takvim','Timeline','2025 – 2026','2025 – 2026',50 FROM projects WHERE slug='karakoy-014';
INSERT OR IGNORE INTO project_key_facts (project_id,key_tr,key_en,value_tr,value_en,sort_order) SELECT id,'Fotoğraf','Photo','Tba. · 2026','Tba. · 2026',60 FROM projects WHERE slug='karakoy-014';

-- MATERIALS for Karaköy 014
INSERT OR IGNORE INTO project_materials (project_id,name_tr,name_en,subtitle_tr,subtitle_en,bg_gradient,note,sort_order) SELECT id,'Travertin','Travertine','Antalya · No. 04','Antalya · No. 04','linear-gradient(135deg,#ece6dc,#d6cdbe)','mat · 60 mm',10 FROM projects WHERE slug='karakoy-014';
INSERT OR IGNORE INTO project_materials (project_id,name_tr,name_en,subtitle_tr,subtitle_en,bg_gradient,note,sort_order) SELECT id,'Beton','Concrete','Brüt','Raw','linear-gradient(135deg,#bcb6ad,#908a82)','pürüzsüz',20 FROM projects WHERE slug='karakoy-014';
INSERT OR IGNORE INTO project_materials (project_id,name_tr,name_en,subtitle_tr,subtitle_en,bg_gradient,note,sort_order) SELECT id,'Meşe','Oak','Ham · Yağlı','Raw · Oiled','linear-gradient(135deg,#c5a984,#8b6a45)','doğal · 20 mm',30 FROM projects WHERE slug='karakoy-014';
INSERT OR IGNORE INTO project_materials (project_id,name_tr,name_en,subtitle_tr,subtitle_en,bg_gradient,note,sort_order) SELECT id,'Pirinç','Brass','Mat · El işi','Matte · Handmade','linear-gradient(135deg,#b39b6b,#7d6841)','oksitlenmiş',40 FROM projects WHERE slug='karakoy-014';

-- CREDITS for Karaköy 014
INSERT OR IGNORE INTO project_credits (project_id,role_tr,role_en,value,sort_order) SELECT id,'Mimar','Architect','Limyra Studio',10 FROM projects WHERE slug='karakoy-014';
INSERT OR IGNORE INTO project_credits (project_id,role_tr,role_en,value,sort_order) SELECT id,'Proje Mimarı','Project Architect','Eda Aksel',20 FROM projects WHERE slug='karakoy-014';
INSERT OR IGNORE INTO project_credits (project_id,role_tr,role_en,value,sort_order) SELECT id,'Statik','Structural','Yıldız Mühendislik',30 FROM projects WHERE slug='karakoy-014';
INSERT OR IGNORE INTO project_credits (project_id,role_tr,role_en,value,sort_order) SELECT id,'Mekanik','Mechanical','İç Tesisat A.Ş.',40 FROM projects WHERE slug='karakoy-014';
INSERT OR IGNORE INTO project_credits (project_id,role_tr,role_en,value,sort_order) SELECT id,'Fotoğraf','Photography','Tba.',50 FROM projects WHERE slug='karakoy-014';

-- -----------------------------------------------
-- JOURNAL POSTS
-- -----------------------------------------------
INSERT OR IGNORE INTO journal_posts (slug,kind,title_tr,title_en,excerpt_tr,excerpt_en,body_tr,body_en,author,read_time,published_at,published) VALUES ('bir-esigin-kisa-tarihi','Essay','Bir eşiğin kısa tarihi','A brief history of a threshold','Likya kayalarından modern apartmanlara: bir mekânı diğerinden ayıran o ince dilim üzerine on iki not.','From Lycian rocks to modern apartments: twelve notes on that thin slice that separates one space from another.','Likya kayalarından modern apartmanlara: bir mekânı diğerinden ayıran o ince dilim üzerine on iki not.','From Lycian rocks to modern apartments: twelve notes on that thin slice that separates one space from another.','Eda Aksel',6,'2026-05-12 09:00:00',1);
INSERT OR IGNORE INTO journal_posts (slug,kind,title_tr,title_en,excerpt_tr,excerpt_en,body_tr,body_en,author,read_time,published_at,published) VALUES ('travertinin-ikinci-hayati','Field Note','Travertinin ikinci hayatı','The second life of travertine','Antalya''nın eski bir ocağında geçirdiğimiz bir hafta. Kaynaktan iki yıl sonra, malzemenin neresi sahiden iyi yaşlanmış?','A week spent in an old quarry in Antalya. Two years from the source, where has the material aged well?','Antalya''nın eski bir ocağında geçirdiğimiz bir hafta.','A week spent in an old quarry in Antalya.','Mert Yıldız',4,'2026-05-03 09:00:00',1);
INSERT OR IGNORE INTO journal_posts (slug,kind,title_tr,title_en,excerpt_tr,excerpt_en,body_tr,body_en,author,read_time,published_at,published) VALUES ('bir-muvekille-uc-oturum','Konuşma','Bir müvekkille üç oturum','Three sessions with a client','Karaköy 014''ün başlangıcı: tek bir A4 üzerine yazılmış bir sayfa, sonra bir hafta süren bir sessizlik.','The beginning of Karaköy 014: a single page written on an A4, then a week of silence.','Karaköy 014''ün başlangıcı: tek bir A4 üzerine yazılmış bir sayfa.','The beginning of Karaköy 014: a single page written on an A4.','Eda Aksel',8,'2026-04-22 09:00:00',1);
INSERT OR IGNORE INTO journal_posts (slug,kind,title_tr,title_en,excerpt_tr,excerpt_en,body_tr,body_en,author,read_time,published_at,published) VALUES ('sessizligin-akustigi','Field Note','Sessizliğin akustiği','The acoustics of silence','Mekânda boşluk değil, sesin nasıl davrandığı önemlidir. Üç oda, üç farklı ses karakteri.','In space it is not the void but how sound behaves that matters. Three rooms, three different acoustic characters.','Mekânda boşluk değil, sesin nasıl davrandığı önemlidir.','In space it is not the void but how sound behaves that matters.','Nehir Dağ',3,'2026-04-18 09:00:00',1);
INSERT OR IGNORE INTO journal_posts (slug,kind,title_tr,title_en,excerpt_tr,excerpt_en,body_tr,body_en,author,read_time,published_at,published) VALUES ('tavan-yuksekligi-ustune','Essay','Tavan yüksekliği üstüne','On ceiling height','Bir oda neden 2.70 değil de 3.20 olmalı? Türkiye''deki konut yönetmeliğinin sessiz açıkları üzerine.','Why should a room be 3.20 rather than 2.70? On the silent gaps in Turkey''s housing regulations.','Bir oda neden 2.70 değil de 3.20 olmalı?','Why should a room be 3.20 rather than 2.70?','Eda Aksel',7,'2026-04-01 09:00:00',1);
INSERT OR IGNORE INTO journal_posts (slug,kind,title_tr,title_en,excerpt_tr,excerpt_en,body_tr,body_en,author,read_time,published_at,published) VALUES ('kitap-pallasmaa','Book','Kitap · Pallasmaa','Book · Pallasmaa','Juhani Pallasmaa''nın Tenin Gözleri''ni yeniden okuduk. Üç paragraf, üç düşünce.','We reread Juhani Pallasmaa''s The Eyes of the Skin. Three paragraphs, three thoughts.','Juhani Pallasmaa''nın Tenin Gözleri''ni yeniden okuduk.','We reread Juhani Pallasmaa''s The Eyes of the Skin.','Selim Koç',3,'2026-03-18 09:00:00',1);
INSERT OR IGNORE INTO journal_posts (slug,kind,title_tr,title_en,excerpt_tr,excerpt_en,body_tr,body_en,author,read_time,published_at,published) VALUES ('karakoy-doksan-gun','Field Note','Karaköy · Doksan gün','Karaköy · Ninety days','Karaköy 014 şantiyesinden günlük notlar. Üç aylık inşaat sürecinin seçilmiş anları.','Daily notes from the Karaköy 014 construction site. Selected moments from three months of construction.','Karaköy 014 şantiyesinden günlük notlar.','Daily notes from the Karaköy 014 construction site.','Mert Yıldız',5,'2026-03-05 09:00:00',1);
INSERT OR IGNORE INTO journal_posts (slug,kind,title_tr,title_en,excerpt_tr,excerpt_en,body_tr,body_en,author,read_time,published_at,published) VALUES ('isik-haritalamak','Essay','Işık haritalamak','Mapping light','Her projede ilk üç hafta: güneş açısını, yönü ve mevsimi çalışmak. Bir ışık haritası nasıl okunur?','The first three weeks of every project: studying solar angle, orientation and season. How do you read a light map?','Her projede ilk üç hafta: güneş açısını, yönü ve mevsimi çalışmak.','The first three weeks of every project: studying solar angle, orientation and season.','Eda Aksel',5,'2026-02-19 09:00:00',1);
INSERT OR IGNORE INTO journal_posts (slug,kind,title_tr,title_en,excerpt_tr,excerpt_en,body_tr,body_en,author,read_time,published_at,published) VALUES ('antalya-aralik-isigi','Field Note','Antalya · Aralık ışığı','Antalya · December light','Aralık''ta Antalya''da ışık farklı düşer. Bir hafta boyunca notlar.','In December, light falls differently in Antalya. Notes from a week.','Aralık''ta Antalya''da ışık farklı düşer.','In December, light falls differently in Antalya.','Mert Yıldız',3,'2026-02-02 09:00:00',1);
INSERT OR IGNORE INTO journal_posts (slug,kind,title_tr,title_en,excerpt_tr,excerpt_en,body_tr,body_en,author,read_time,published_at,published) VALUES ('bir-kapinin-dogru-agirligi','Essay','Bir kapının doğru ağırlığı','The right weight of a door','Bir kapı ne kadar ağır olmalı? Malzeme, menteşe ve beklenti üzerine.','How heavy should a door be? On material, hinge, and expectation.','Bir kapı ne kadar ağır olmalı?','How heavy should a door be?','Eda Aksel',4,'2026-01-15 09:00:00',1);
INSERT OR IGNORE INTO journal_posts (slug,kind,title_tr,title_en,excerpt_tr,excerpt_en,body_tr,body_en,author,read_time,published_at,published) VALUES ('olive-house-sonrasi','Konuşma','Olive House sonrası','After Olive House','Proje tamamlandıktan sonra müvekkille bir söyleşi. Beklentiler ve gerçek.','A conversation with the client after the project was completed. Expectations and reality.','Proje tamamlandıktan sonra müvekkille bir söyleşi.','A conversation with the client after the project was completed.','Nehir Dağ',6,'2025-12-21 09:00:00',1);
INSERT OR IGNORE INTO journal_posts (slug,kind,title_tr,title_en,excerpt_tr,excerpt_en,body_tr,body_en,author,read_time,published_at,published) VALUES ('zumthor-uzerine-uc-paragraf','Book','Zumthor üzerine üç paragraf','Three paragraphs on Zumthor','Peter Zumthor''u yeniden okuduk. Atmosferler kitabından seçilmiş üç alıntı.','We reread Peter Zumthor. Three selected quotes from the book Atmospheres.','Peter Zumthor''u yeniden okuduk.','We reread Peter Zumthor.','Selim Koç',2,'2025-11-04 09:00:00',1);
INSERT OR IGNORE INTO journal_posts (slug,kind,title_tr,title_en,excerpt_tr,excerpt_en,body_tr,body_en,author,read_time,published_at,published) VALUES ('beton-tas-ve-sabir','Essay','Beton, taş, ve sabır','Concrete, stone, and patience','Malzemenin zamanla nasıl değiştiğini izlemek, bir mimarlık pratiğinin en önemli parçasıdır.','Watching how materials change over time is the most important part of an architectural practice.','Malzemenin zamanla nasıl değiştiğini izlemek.','Watching how materials change over time.','Nehir Dağ',5,'2025-10-08 09:00:00',1);
INSERT OR IGNORE INTO journal_posts (slug,kind,title_tr,title_en,excerpt_tr,excerpt_en,body_tr,body_en,author,read_time,published_at,published) VALUES ('bir-koridor-ustune','Field Note','Bir koridor üstüne','On a corridor','Bir koridorun uzunluğu, genişliği ve ışığı nasıl bir duygu yaratır? Olive House''dan notlar.','How does the length, width and light of a corridor create a feeling? Notes from Olive House.','Bir koridorun uzunluğu, genişliği ve ışığı nasıl bir duygu yaratır?','How does the length, width and light of a corridor create a feeling?','Mert Yıldız',3,'2025-09-02 09:00:00',1);
INSERT OR IGNORE INTO journal_posts (slug,kind,title_tr,title_en,excerpt_tr,excerpt_en,body_tr,body_en,author,read_time,published_at,published) VALUES ('bosluk-doluluktan-once','Essay','Boşluk doluluktan önce','Emptiness before fullness','Bir mekânı tasarlamadan önce, orada ne olmayacağını düşünmek gerekir.','Before designing a space, one must think about what will not be in it.','Bir mekânı tasarlamadan önce, orada ne olmayacağını düşünmek gerekir.','Before designing a space, one must think about what will not be in it.','Eda Aksel',4,'2025-07-30 09:00:00',1);
INSERT OR IGNORE INTO journal_posts (slug,kind,title_tr,title_en,excerpt_tr,excerpt_en,body_tr,body_en,author,read_time,published_at,published) VALUES ('yapay-isik-ustune','Konuşma','Yapay ışık üstüne','On artificial light','Doğal ışığı seven bir mimarlık bürosu olarak yapay ışıkla nasıl barışıyoruz?','As an architecture studio that loves natural light, how do we make peace with artificial light?','Doğal ışığı seven bir mimarlık bürosu olarak yapay ışıkla nasıl barışıyoruz?','As an architecture studio that loves natural light, how do we make peace with artificial light?','Nehir Dağ',5,'2025-06-11 09:00:00',1);

-- -----------------------------------------------
-- TEAM MEMBERS
-- -----------------------------------------------
INSERT OR IGNORE INTO team_members (name,role_tr,role_en,sort_order) VALUES ('Eda Aksel','Kurucu Ortak · Mimar','Founding Partner · Architect',10);
INSERT OR IGNORE INTO team_members (name,role_tr,role_en,sort_order) VALUES ('Mert Yıldız','Ortak · Proje Mimarı','Partner · Project Architect',20);
INSERT OR IGNORE INTO team_members (name,role_tr,role_en,sort_order) VALUES ('Nehir Dağ','Kıdemli Mimar','Senior Architect',30);
INSERT OR IGNORE INTO team_members (name,role_tr,role_en,sort_order) VALUES ('Selim Koç','Mimar','Architect',40);

-- -----------------------------------------------
-- PRESS MENTIONS
-- -----------------------------------------------
INSERT OR IGNORE INTO press_mentions (year,project_name,source,note,sort_order) VALUES (2026,'Karaköy Apartmanı','Architectural Digest · Türkiye','Cover · Mayıs',10);
INSERT OR IGNORE INTO press_mentions (year,project_name,source,note,sort_order) VALUES (2025,'Olive House','Wallpaper* · Best Houses','Selection',20);
INSERT OR IGNORE INTO press_mentions (year,project_name,source,note,sort_order) VALUES (2025,'Atelier B','Dezeen','Feature',30);
INSERT OR IGNORE INTO press_mentions (year,project_name,source,note,sort_order) VALUES (2024,'Antalya Pavilion','A10 New European Architecture','Yearbook',40);

-- -----------------------------------------------
-- APPROACH: PILLARS
-- -----------------------------------------------
INSERT OR IGNORE INTO approach_pillars (num,label_tr,label_en,title_tr,title_en,lede_tr,lede_en,body_tr,body_en,rules_tr,rules_en,sort_order) VALUES ('i','Sabit · 01','Constant · 01','Oran','Proportion','Her mekân önce bir sayı dizisidir. Tavan, kapı, ışığın açısı — birbiriyle konuşur.','Every space is first a sequence of numbers. Ceiling, door, the angle of light — they speak to each other.','Her projede üç temel oran kararı alırız: tavan yüksekliğinin tabana, açıklığın duvara, doğal ışığın yapaya.','In every project we make three fundamental proportional decisions: ceiling height to floor, opening to wall, natural light to built surface.','[{"key":"§01","value":"Tavan yüksekliği her zaman ölçülür, hesaplanır, korunur."},{"key":"§02","value":"Açıklıkların oranı 1:1.5 ile 1:1.8 arasında tutulur."},{"key":"§03","value":"Her mekânın bir hâkim eksenli ölçüsü vardır."}]','[{"key":"§01","value":"Ceiling height is always measured, calculated, preserved."},{"key":"§02","value":"Opening ratios are kept between 1:1.5 and 1:1.8."},{"key":"§03","value":"Every space has one dominant axial dimension."}]',10);
INSERT OR IGNORE INTO approach_pillars (num,label_tr,label_en,title_tr,title_en,lede_tr,lede_en,body_tr,body_en,rules_tr,rules_en,sort_order) VALUES ('ii','Sabit · 02','Constant · 02','Işık','Light','Bir odayı önce ışık tasarlar. Yapay ışığı doğal olanın ardından, sessizce çağırırız.','Light designs a room first. We invite artificial light quietly, following the natural.','Güneş açısı, yön ve mevsim her projede ilk üç haftanın çalışmasıdır.','Solar angle, orientation and season are the work of the first three weeks on every project.','[{"key":"§04","value":"Pencere oranları yön ve mevsime göre belirlenir."},{"key":"§05","value":"Yapay ışık 2700K–3000K aralığında tutulur."},{"key":"§06","value":"Hiçbir lamba doğrudan görünür konumda durmaz."}]','[{"key":"§04","value":"Window proportions are determined by orientation and season."},{"key":"§05","value":"Artificial light is kept in the 2700K–3000K range."},{"key":"§06","value":"No lamp stands in a directly visible position."}]',20);
INSERT OR IGNORE INTO approach_pillars (num,label_tr,label_en,title_tr,title_en,lede_tr,lede_en,body_tr,body_en,rules_tr,rules_en,sort_order) VALUES ('iii','Sabit · 03','Constant · 03','Malzeme','Matter','Zamanla daha güzel olan her şey kabuldür. Yenilik değil, yaşlanma kalitesini ararız.','Anything that becomes more beautiful with time is acceptable. We look for ageing quality, not novelty.','Travertin, ham keten, ağartılmamış meşe, mat pirinç, doğal kireç boya.','Travertine, raw linen, unbleached oak, matt brass, natural lime paint.','[{"key":"§07","value":"Bir mekânda en fazla beş ana malzeme."},{"key":"§08","value":"Hiçbir yüzey parlak değildir; yalnızca açık, doğal, mat."},{"key":"§09","value":"Her malzeme kaynakta görülerek seçilir, fotoğraftan değil."}]','[{"key":"§07","value":"No more than five primary materials in a space."},{"key":"§08","value":"No surface is shiny; only light, natural, matt."},{"key":"§09","value":"Every material is selected by seeing it at source, not from photographs."}]',30);

-- -----------------------------------------------
-- APPROACH: PROCESS STAGES
-- -----------------------------------------------
INSERT OR IGNORE INTO approach_stages (num,title_tr,title_en,duration,description_tr,description_en,sort_order) VALUES ('01','Söyleşi','Conversation','2–3 hafta','2–3 hafta süren, tek bir sayfaya sığabilecek kadar netleşen ilk diyalog. Brief değil, anlamak.','An initial dialogue lasting 2–3 weeks, clarified enough to fit on a single page. Not a brief — understanding.',10);
INSERT OR IGNORE INTO approach_stages (num,title_tr,title_en,duration,description_tr,description_en,sort_order) VALUES ('02','Kavram','Concept','4–6 hafta','Üç sabit (oran, ışık, malzeme) etrafında üç farklı kavram önerisi. Yalnızca birine devam edilir.','Three different concept proposals around the three constants. Only one is continued.',20);
INSERT OR IGNORE INTO approach_stages (num,title_tr,title_en,duration,description_tr,description_en,sort_order) VALUES ('03','Tasarım','Design','10–14 hafta','Plan, kesit, görünüş, detay. Her hafta tek bir uzun toplantıyla ilerleriz; arada sessizlik kalır.','Plan, section, elevation, detail. We proceed with one long meeting per week; silence remains in between.',30);
INSERT OR IGNORE INTO approach_stages (num,title_tr,title_en,duration,description_tr,description_en,sort_order) VALUES ('04','İnşaat','Build','8–14 ay','Uygulayıcı seçimi, ihale, şantiye denetimi. Haftada en az bir saha ziyareti, her detay için bir mock-up.','Contractor selection, tender, site supervision. At least one site visit per week, one mock-up per detail.',40);
INSERT OR IGNORE INTO approach_stages (num,title_tr,title_en,duration,description_tr,description_en,sort_order) VALUES ('05','Teslim','Handover','1 hafta','Anahtar değil, bir kullanım kitapçığı teslim ederiz: malzeme bakımı, ışık senaryoları, ileri öneriler.','We deliver not a key but a user manual: material care, lighting scenarios, further recommendations.',50);

-- -----------------------------------------------
-- APPROACH: PRINCIPLES
-- -----------------------------------------------
INSERT OR IGNORE INTO approach_principles (yes_tr,yes_en,no_tr,no_en,sort_order) VALUES ('Az kelime.','Few words.','Süperlatif başlık.','Superlative headline.',10);
INSERT OR IGNORE INTO approach_principles (yes_tr,yes_en,no_tr,no_en,sort_order) VALUES ('Tek bir hâkim oran.','One dominant proportion.','Birden çok hâkim eksen.','More than one dominant axis.',20);
INSERT OR IGNORE INTO approach_principles (yes_tr,yes_en,no_tr,no_en,sort_order) VALUES ('Doğal ışığa öncelik.','Priority to natural light.','Parlak yüzeyler.','Shiny surfaces.',30);
INSERT OR IGNORE INTO approach_principles (yes_tr,yes_en,no_tr,no_en,sort_order) VALUES ('Beş malzeme, en fazla.','Five materials, at most.','Trend renk panosu.','Trend colour board.',40);
INSERT OR IGNORE INTO approach_principles (yes_tr,yes_en,no_tr,no_en,sort_order) VALUES ('Yaşlanma kalitesi.','Ageing quality.','Fotoğraf-gerçekçi render.','Photo-realistic render.',50);
INSERT OR IGNORE INTO approach_principles (yes_tr,yes_en,no_tr,no_en,sort_order) VALUES ('Sahaya haftada bir ziyaret.','One site visit per week.','Aşırı dekorasyon.','Over-decoration.',60);
INSERT OR IGNORE INTO approach_principles (yes_tr,yes_en,no_tr,no_en,sort_order) VALUES ('Her detay için bir mock-up.','One mock-up per detail.','Hızlı karar, geniş malzeme paleti.','Quick decision, wide material palette.',70);
INSERT OR IGNORE INTO approach_principles (yes_tr,yes_en,no_tr,no_en,sort_order) VALUES ('Müvekkille uzun, sade söyleşi.','Long, plain conversation with the client.','"Lüks", "ultra", "premium".','"Luxury", "ultra", "premium".',80);

-- -----------------------------------------------
-- APPROACH: MATERIALS
-- -----------------------------------------------
INSERT OR IGNORE INTO approach_materials (name_tr,name_en,subtitle,bg_gradient,caption,sort_order) VALUES ('Travertin','Travertine','Antalya · No. 04','linear-gradient(135deg,#ece6dc,#d6cdbe)','mat · 60 mm',10);
INSERT OR IGNORE INTO approach_materials (name_tr,name_en,subtitle,bg_gradient,caption,sort_order) VALUES ('Beton','Concrete','Brüt','linear-gradient(135deg,#bcb6ad,#908a82)','pürüzsüz',20);
INSERT OR IGNORE INTO approach_materials (name_tr,name_en,subtitle,bg_gradient,caption,sort_order) VALUES ('Meşe','Oak','Ham · Yağlı','linear-gradient(135deg,#c5a984,#8b6a45)','doğal · 20 mm',30);
INSERT OR IGNORE INTO approach_materials (name_tr,name_en,subtitle,bg_gradient,caption,sort_order) VALUES ('Keten','Linen','Ağartılmamış','linear-gradient(135deg,#ddd1bb,#b8a98e)','doğal dokuma',40);
INSERT OR IGNORE INTO approach_materials (name_tr,name_en,subtitle,bg_gradient,caption,sort_order) VALUES ('Pirinç','Brass','Mat · El işi','linear-gradient(135deg,#b39b6b,#7d6841)','oksitlenmiş',50);
INSERT OR IGNORE INTO approach_materials (name_tr,name_en,subtitle,bg_gradient,caption,sort_order) VALUES ('Kireç boya','Lime paint','Beyaz · Doğal','linear-gradient(135deg,#f0ece4,#d8d2c5)','mat · 2 kat',60);
